crown_id,confidence,Plot_ID,kmlgeometry
433,High,OSBS_033,"<Polygon><outerBoundaryIs><LinearRing><coordinates>-28.5767794122221,3284860.05424637 -27.90913091728,3284859.82943106 -27.9672640667413,3284858.62486344 -27.8833338804543,3284857.25475325 -28.0816558272345,3284856.4348149 -28.3240517676459,3284856.05345913 -28.9931064163684,3284856.11395944 -29.8046930389828,3284856.28523072 -29.8984646274475,3284856.50513579 -30.7077079450246,3284856.9502655 -31.0377830216894,3284857.50084662 -30.8886899178033,3284858.1568791 -29.9261358059593,3284858.86072693 -28.5767794122221,3284860.05424637</coordinates></LinearRing></outerBoundaryIs></Polygon>"
93,High,OSBS_033,"<Polygon><outerBoundaryIs><LinearRing><coordinates>-33.1528354808688,3284873.02046289 -32.868709354545,3284872.68937759 -32.6919458828634,3284870.98981885 -32.8888619870413,3284870.33419559 -33.1786121811019,3284870.0080208 -33.8003116133623,3284870.01334054 -34.7572409550776,3284869.96675315 -35.2303158405703,3284870.57333374 -35.1271709505818,3284871.44886209 -34.8346086803358,3284872.10366688 -34.9710476106266,3284872.92646965 -33.1528354808688,3284873.02046289</coordinates></LinearRing></outerBoundaryIs></Polygon>"
558,High,OSBS_033,"<Polygon><outerBoundaryIs><LinearRing><coordinates>-30.019948737754,3284870.2548718 -30.0865178386448,3284868.06441404 -30.2754667397239,3284868.3399092 -30.9942183102248,3284868.18173215 -31.5221463934868,3284867.96714666 -32.0031887778314,3284867.64260865 -32.3431053675595,3284867.04298467 -33.5869732283172,3284866.99885241 -34.1580377537175,3284867.33239299 -34.1481956524076,3284868.48259815 -34.094748557196,3284869.13944903 -33.7515512402169,3284870.12247468 -30.019948737754,3284870.2548718</coordinates></LinearRing></outerBoundaryIs></Polygon>"
78,High,OSBS_033,"<Polygon><outerBoundaryIs><LinearRing><coordinates>-32.0607742261491,3284844.1443333 -31.9430808894103,3284841.13066373 -32.0865503592649,3284841.13189133 -32.7570118710282,3284841.02807683 -33.9525907980278,3284841.038307 -34.7655844712863,3284841.04526359 -35.0014195591211,3284841.43071136 -35.0426813144004,3284842.19792399 -34.8837457208429,3284844.00416153 -32.0607742261491,3284844.1443333</coordinates></LinearRing></outerBoundaryIs></Polygon>"
610,High,OSBS_033,"<Polygon><outerBoundaryIs><LinearRing><coordinates>-28.2307269530138,3284850.19166261 -26.9896690695896,3284849.90716548 -26.992480869405,3284849.57853545 -27.0051339656347,3284848.0997003 -27.1045292852214,3284847.66234528 -27.3009767762851,3284847.06149362 -27.8743857081281,3284847.12117548 -28.9747863516095,3284847.0758151 -29.7859049904509,3284847.30185803 -30.1173863615841,3284847.68812408 -29.9612634897931,3284849.16573166 -29.2429793724441,3284849.26913713 -28.2307269530138,3284850.19166261</coordinates></LinearRing></outerBoundaryIs></Polygon>"
387,High,OSBS_033,"<Polygon><outerBoundaryIs><LinearRing><coordinates>-20.1570028301794,3284837.9623838 -20.2123235671897,3284837.08644622 -20.9306083577103,3284836.98304015 -21.1293986873934,3284836.10833003 -21.7525058013853,3284835.94933404 -22.9471480188076,3284836.06910637 -23.8548511528643,3284836.18642382 -23.9917600540211,3284836.95445471 -23.8393868332496,3284837.99388896 -20.1570028301794,3284837.9623838</coordinates></LinearRing></outerBoundaryIs></Polygon>"
209,Medium,OSBS_033,"<Polygon><outerBoundaryIs><LinearRing><coordinates>-21.1913056249614,3284840.05270864 -21.1509801124921,3284839.17595275 -20.9704653022927,3284837.91456771 -21.3052274849033,3284837.91743179 -21.9264600749593,3284837.97752249 -22.9795070159016,3284837.87698067 -23.9837935736286,3284837.88557312 -24.6987980159465,3284838.16556899 -25.0776343877078,3284838.60701572 -24.3490400436567,3284839.91539829 -21.1913056249614,3284840.05270864</coordinates></LinearRing></outerBoundaryIs></Polygon>"
42,Medium,OSBS_033,"<Polygon><outerBoundaryIs><LinearRing><coordinates>-26.2432213524589,3284842.12263204 -25.9150200648583,3284841.3529644 -26.0706738360459,3284839.93012847 -26.2183609706117,3284839.43841096 -27.1330932861893,3284838.73415361 -28.0886193381157,3284838.8518806 -28.2728824347723,3284839.67509241 -28.1087929059868,3284842.08381841 -26.2432213524589,3284842.12263204</coordinates></LinearRing></outerBoundaryIs></Polygon>"
174,High,OSBS_033,"<Polygon><outerBoundaryIs><LinearRing><coordinates>-22.1543544362066,3284844.881208 -21.7333183148876,3284843.78209215 -21.0637942988542,3284843.77636397 -20.9221992781386,3284843.55604982 -20.9287597130751,3284842.78924642 -20.97939447721,3284842.46102555 -21.4627806260251,3284841.86262872 -21.893188995542,3284841.86631113 -22.0479050367139,3284840.5530185 -22.3399986823788,3284839.95298507 -23.1051692491747,3284839.95953165 -24.5403326862142,3284839.91703496 -25.688557174115,3284839.87208341 -25.7316940802848,3284840.42020929 -25.7246646963758,3284841.24178436 -25.7673329653917,3284841.84468192 -26.5264112246223,3284842.56326047 -27.0937281635706,3284843.33497402 -27.0407500604633,3284843.93705323 -25.0701600761968,3284845.07048212 -22.1543544362066,3284844.881208</coordinates></LinearRing></outerBoundaryIs></Polygon>"
202,High,OSBS_033,"<Polygon><outerBoundaryIs><LinearRing><coordinates>-23.8891808149638,3284860.12369022 -18.8682266147807,3284860.02595698 -18.7735176570131,3284859.91559534 -18.7782036050339,3284859.36787862 -18.9718388909241,3284859.09565685 -18.8386787434574,3284857.88945262 -18.9413538387744,3284857.06869583 -18.9451025999151,3284856.63052246 -19.2831443993491,3284856.24998479 -20.0515940492041,3284855.87312949 -20.4880937115522,3284855.16478012 -21.1576170452172,3284855.17050829 -21.874963475042,3284855.17664566 -21.8698087733937,3284855.77913405 -22.7292186036357,3284855.95081397 -22.8670645091916,3284856.60930153 -23.4864215838606,3284856.88847904 -24.0082579754526,3284857.38592493 -24.0443655517302,3284858.75562592 -23.8891808149638,3284860.12369022</coordinates></LinearRing></outerBoundaryIs></Polygon>"
223,High,OSBS_033,"<Polygon><outerBoundaryIs><LinearRing><coordinates>-17.05660004128,3284864.94026918 -15.9261842850829,3284862.90389801 -15.8858585213311,3284862.02714212 -15.8417841035407,3284861.58855961 -15.8530300401035,3284860.27403948 -14.9017229175661,3284859.66336845 -15.1464612185955,3284859.00815404 -15.8206701155286,3284858.46616518 -16.2534207518329,3284858.19598903 -17.2117567366804,3284857.9850851 -17.8315824538004,3284858.20949062 -18.3032529803459,3284858.98038546 -18.5873798889806,3284859.31147036 -18.8218093256583,3284859.86123282 -19.2494054182316,3284860.19354518 -19.9648771186476,3284860.41876913 -20.1979006570764,3284861.13284663 -19.9517562946421,3284861.95237595 -19.3741307168966,3284862.38563952 -18.9306024444522,3284863.91556402 -18.5006635203026,3284863.85711002 -17.05660004128,3284864.94026918</coordinates></LinearRing></outerBoundaryIs></Polygon>"
587,Medium,OSBS_033,"<Polygon><outerBoundaryIs><LinearRing><coordinates>-14.1547991984407,3284851.93360759 -14.0019294745871,3284847.44069406 -13.2986395338085,3284845.79140709 -13.4964920031489,3284845.02624018 -14.4515490452759,3284845.19873769 -15.9289119372261,3284845.81390909 -16.2510222133715,3284847.29560814 -18.1048780741985,3284848.62608465 -18.0378427801188,3284850.87131403 -18.0275338054053,3284852.07629081 -16.018494685879,3284852.11387867 -14.1547991984407,3284851.93360759</coordinates></LinearRing></outerBoundaryIs></Polygon>"
360,High,OSBS_033,"<Polygon><outerBoundaryIs><LinearRing><coordinates>3.32791430328507,3284866.28251171 4.48270212527132,3284865.85802955 4.62501165876165,3284865.56658899 5.01822455826914,3284864.98277903 5.01255098258844,3284864.31945992 5.11795341502875,3284863.94541409 4.96677888341947,3284863.20041855 4.42061834910419,3284862.83194575 3.66046154050855,3284862.83844767 2.64585530699696,3284862.72274465 2.24732331739506,3284862.68469303 1.48752110498026,3284862.73265254 1.01801167451777,3284862.86104999 1.02652238903102,3284863.85602865 0.853688806062564,3284864.81109799 0.818554711702745,3284864.93577995 1.15461991773918,3284866.13525921 3.32791430328507,3284866.28251171</coordinates></LinearRing></outerBoundaryIs></Polygon>"
425,High,OSBS_033,"<Polygon><outerBoundaryIs><LinearRing><coordinates>-5.18815992522286,3284846.10802801 -5.06648704223335,3284844.30083544 -5.54910037660738,3284843.99085044 -6.30864430521615,3284843.36912105 -7.34041696763597,3284842.98530546 -8.02535468630958,3284843.06969301 -8.63837286178023,3284843.54610707 -8.4918469277909,3284844.64425036 -8.07577932160348,3284845.1903895 -6.90151131816674,3284846.20121278 -5.18815992522286,3284846.10802801</coordinates></LinearRing></outerBoundaryIs></Polygon>"
90,High,OSBS_033,"<Polygon><outerBoundaryIs><LinearRing><coordinates>1.85677107778611,3284852.09444862 2.04028942919103,3284849.50144378 1.62758072069846,3284849.34791724 0.871395825757645,3284849.11880033 0.049336631898768,3284849.20436029 -0.218862033972982,3284849.91340942 -0.212145419500303,3284850.69863534 0.074188036727719,3284852.10969619 1.85677107778611,3284852.09444862</coordinates></LinearRing></outerBoundaryIs></Polygon>"
329,High,OSBS_033,"<Polygon><outerBoundaryIs><LinearRing><coordinates>-1.21100540511543,3284854.16242622 -0.054873804969247,3284853.0531402 0.213324786047451,3284852.34409107 0.070829737640452,3284851.71708323 -0.068978682684246,3284851.40416576 -0.622839123941958,3284850.78067665 -1.17602795810672,3284850.23571015 -2.48070005286718,3284850.01128515 -3.09237469593063,3284850.64474409 -3.90570181951625,3284851.75109805 -4.44411355798366,3284852.93362875 -3.74574268254219,3284854.41969325 -1.21100540511543,3284854.16242622</coordinates></LinearRing></outerBoundaryIs></Polygon>"
443,High,OSBS_033,"<Polygon><outerBoundaryIs><LinearRing><coordinates>-13.7227554366109,3284866.36282126 -13.0425214675488,3284865.72877515 -13.0485672642826,3284865.02207179 -12.9853804916493,3284864.3933045 -12.9268959875917,3284863.21487904 -13.4095087576425,3284862.9048944 -14.5743709742674,3284862.99338814 -15.050266115868,3284863.46862952 -15.6518627028563,3284865.27992813 -15.0959867701749,3284866.1389843 -13.7227554366109,3284866.36282126</coordinates></LinearRing></outerBoundaryIs></Polygon>"
290,High,OSBS_033,"<Polygon><outerBoundaryIs><LinearRing><coordinates>2.22590573434718,3284842.96337849 3.97079656796996,3284842.79460215 3.96684902405832,3284842.33308123 4.02282612514682,3284841.02486417 3.11614173295675,3284841.03261937 2.16995501134079,3284840.3483805 1.11644602229353,3284838.89580189 0.44351192592876,3284838.74770635 0.376679079257883,3284838.7867409 -0.796020963869523,3284839.10447495 -0.927383796370123,3284839.45176461 -1.02516571246088,3284839.79876703 -1.01924409298226,3284840.49104842 -0.606732878601179,3284841.60294373 -0.33282203465933,3284842.21600702 0.447434047411662,3284843.13244234 2.22590573434718,3284842.96337849</coordinates></LinearRing></outerBoundaryIs></Polygon>"
442,High,OSBS_033,"<Polygon><outerBoundaryIs><LinearRing><coordinates>0.851366092159878,3284847.16759079 1.95789045799756,3284846.96581159 2.0908981251996,3284846.81082235 2.28975169715704,3284846.50141832 2.58836104272632,3284846.07577237 3.05454589327564,3284845.6102302 3.05158520379337,3284845.26408951 3.04895348008722,3284844.95640889 3.00978017278248,3284844.30287482 2.94163148885127,3284844.18806905 2.87150900671259,3284843.84250282 2.76813459169352,3284843.53568391 2.59990114573156,3284843.49865999 2.1956145191798,3284843.34826649 1.79132788139395,3284843.197873 1.65700429293793,3284843.19902194 0.918224555440247,3284843.20534115 0.615996483131312,3284843.2079263 0.180102769751102,3284843.28858056 -0.255461961380206,3284843.40769492 -0.422050536086317,3284843.56297144 -0.920829293027055,3284844.14418124 -0.985359248705208,3284844.45243634 -1.0465994051774,3284845.14529222 -0.974173952068668,3284845.76007896 -0.701579094689805,3284846.21930194 -0.329557505436242,3284846.52382289 0.111270714493003,3284847.02006976 0.144851599354297,3284847.01978251 0.851366092159878,3284847.16759079</coordinates></LinearRing></outerBoundaryIs></Polygon>"
199,High,OSBS_033,"<Polygon><outerBoundaryIs><LinearRing><coordinates>-44.296068045951,3284873.06104259 -43.9645879390882,3284872.67477607 -43.4497839087853,3284871.35575407 -43.1154914250365,3284871.29811762 -42.1144887964474,3284870.90612165 -41.6414142874419,3284870.29954076 -40.930630663468,3284869.52659865 -40.7430881502805,3284869.08678828 -40.7604301914689,3284867.06023632 -40.9193665739149,3284865.25399878 -41.3042945389752,3284864.98341435 -41.8777024977608,3284865.04309696 -43.2172167680692,3284864.99978426 -43.9336251661298,3284865.1154664 -44.6992627751897,3284865.06724283 -45.6524427981931,3284865.45882976 -46.0289337499999,3284866.17413564 -46.6937691390049,3284866.7275821 -47.3586044625263,3284867.28102861 -47.8748144630808,3284868.43573577 -48.0140649317182,3284868.92990866 -48.0942425890244,3284870.7381925 -47.8893570195651,3284872.324934 -47.3572101634927,3284873.0324638 -44.296068045951,3284873.06104259</coordinates></LinearRing></outerBoundaryIs></Polygon>"
195,High,OSBS_033,"<Polygon><outerBoundaryIs><LinearRing><coordinates>-41.9344310237211,3284864.00284439 -41.7511068182648,3284863.07008894 -41.0337608607952,3284863.06395029 -41.0993946930976,3284860.98303591 -41.8659699810669,3284860.82526879 -43.5866631958634,3284860.9495451 -44.8291256518569,3284861.06972909 -44.9688450852409,3284861.50913027 -45.1990546734305,3284862.55183838 -44.8507002378465,3284864.13735214 -41.9344310237211,3284864.00284439</coordinates></LinearRing></outerBoundaryIs></Polygon>"
234,High,OSBS_033,"<Polygon><outerBoundaryIs><LinearRing><coordinates>-45.7851183809107,3284861.13268597 -42.1069601855706,3284860.60822832 -42.0614806556841,3284860.3339607 -41.9222298021195,3284859.8397879 -42.1205527483835,3284859.01984977 -42.8857220470672,3284859.02639773 -43.3175359238521,3284858.86576597 -43.8946939309244,3284858.48727528 -44.0897360137315,3284858.0507389 -45.1427813438349,3284857.9501992 -46.0983056109981,3284858.06792777 -46.5737240855233,3284858.40065046 -47.0960281474399,3284858.84332579 -47.1354140243493,3284859.8296252 -46.8419133033021,3284860.59397304 -45.7851183809107,3284861.13268597</coordinates></LinearRing></outerBoundaryIs></Polygon>"
455,High,OSBS_033,"<Polygon><outerBoundaryIs><LinearRing><coordinates>-41.213320317911,3284858.8477591 -40.7965049479972,3284857.25569738 -40.0355538175208,3284856.7562045 -40.1368243832258,3284856.09976288 -40.717263327213,3284855.33787032 -41.2489418383921,3284854.68511188 -42.3554350629565,3284853.92772107 -42.9733857036917,3284854.37121469 -44.1169216706767,3284854.8739818 -45.0204046081053,3284855.48424608 -45.3908025436103,3284856.91158369 -45.0485413419083,3284857.78506566 -43.6082241457771,3284858.43004808 -41.213320317911,3284858.8477591</coordinates></LinearRing></outerBoundaryIs></Polygon>"
198,High,OSBS_033,"<Polygon><outerBoundaryIs><LinearRing><coordinates>-35.9682832533726,3284868.16951836 -35.9378013738897,3284866.14255719 -37.6617746209959,3284865.8834309 -38.2304956334992,3284866.49083007 -38.2258087210939,3284867.03854681 -37.978257067618,3284868.0223908 -35.9682832533726,3284868.16951836</coordinates></LinearRing></outerBoundaryIs></Polygon>"
197,High,OSBS_033,"<Polygon><outerBoundaryIs><LinearRing><coordinates>-41.1767308051931,3284851.94570971 -41.0098108635284,3284849.09594573 -41.2489264814649,3284849.09799194 -41.6310427643475,3284849.15603755 -42.1083365840605,3284849.26967334 -42.1097427057102,3284849.10535832 -42.1266161602689,3284847.13357807 -42.3179086874588,3284847.13521506 -42.9874325361452,3284847.14094452 -44.2327088413294,3284846.93249836 -45.522995989304,3284847.05309164 -45.8563517422881,3284847.22027148 -45.9960713324253,3284847.65967265 -46.8076583555085,3284847.83094515 -47.7617772745434,3284848.11298886 -48.0890393921873,3284848.99220054 -48.0857582369354,3284849.37560225 -47.6483191117295,3284850.19349393 -47.1175774775329,3284850.73670873 -46.8207954301615,3284851.88445829 -46.4785339775262,3284852.75794022 -45.376258865057,3284853.02238556 -44.7114225700498,3284852.46893921 -43.1853014844819,3284851.96289804 -41.1767308051931,3284851.94570971</coordinates></LinearRing></outerBoundaryIs></Polygon>"
182,High,OSBS_033,"<Polygon><outerBoundaryIs><LinearRing><coordinates>-45.4348492920981,3284846.17592634 -45.0058472269448,3284846.007928 -44.9613051350461,3284845.62411703 -44.9673985016998,3284844.91208527 -45.1657218883629,3284844.0921472 -45.5014213512186,3284843.98546866 -45.9810589863919,3284843.82524625 -46.1798511898378,3284842.95053652 -46.5141445152694,3284843.00817303 -47.5184306683368,3284843.0167676 -48.5700712380349,3284843.08054321 -49.0450215573655,3284843.46803766 -49.0356467524543,3284844.56347113 -48.9807925065397,3284845.38463696 -48.4964675106457,3284846.09257599 -45.4348492920981,3284846.17592634</coordinates></LinearRing></outerBoundaryIs></Polygon>"
43,High,OSBS_033,"<Polygon><outerBoundaryIs><LinearRing><coordinates>-43.3878286848776,3284845.06289493 -42.9110034053447,3284844.89448742 -42.867398654751,3284844.40113311 -42.9719504420063,3284843.36128982 -43.1182321535889,3284843.03388752 -43.5519214923261,3284842.65416906 -43.6531923580333,3284841.99772748 -44.0437457527732,3284841.06988306 -44.6180923685897,3284841.02002243 -45.5754929825198,3284840.91866422 -46.0049639644567,3284841.03189091 -46.0012141651823,3284841.47006429 -46.0401315424242,3284842.51113535 -45.8450891381362,3284842.94767169 -45.360764247831,3284843.65561085 -44.5866882408736,3284844.68972453 -43.3878286848776,3284845.06289493</coordinates></LinearRing></outerBoundaryIs></Polygon>"
555,High,OSBS_033,"<Polygon><outerBoundaryIs><LinearRing><coordinates>-40.2300952926744,3284845.20019988 -38.9562120749033,3284843.16259867 -38.0086541365017,3284842.11375231 -38.2557375815813,3284841.18468001 -38.6852086172439,3284841.29790642 -39.0729494708357,3284840.69869186 -39.2215745544527,3284840.09743116 -39.8915675141616,3284840.04838875 -41.1827928904095,3284840.05943816 -41.8026191829704,3284840.28384499 -42.6418754926417,3284842.81070835 -42.2475726143457,3284844.17672621 -41.7144874559599,3284844.99379962 -40.2300952926744,3284845.20019988</coordinates></LinearRing></outerBoundaryIs></Polygon>"
271,High,OSBS_033,"<Polygon><outerBoundaryIs><LinearRing><coordinates>-35.2198951472528,3284838.25559123 -34.8476205270854,3284837.04734074 -34.0369698910508,3284836.76652579 -33.9446041968185,3284836.38230567 -33.9535088314442,3284835.34164391 -34.1077576821554,3284834.08312309 -34.6821045930847,3284834.03326194 -35.925976135768,3284833.98912984 -36.7858561543399,3284834.10603912 -37.8857894577668,3284834.11545125 -38.1183438017033,3284834.88430079 -38.1549185328186,3284836.19923015 -37.9068976350827,3284837.23784579 -36.7530486374744,3284837.94005617 -35.2198951472528,3284838.25559123</coordinates></LinearRing></outerBoundaryIs></Polygon>"
407,High,OSBS_033,"<Polygon><outerBoundaryIs><LinearRing><coordinates>-39.7106187074096,3284850.01601476 -38.0846326488536,3284850.00210089 -38.0851013364736,3284849.94732921 -37.992735907319,3284849.56310905 -37.9992975264322,3284848.79630562 -38.009608639346,3284847.59132882 -38.3959431853727,3284847.15642926 -40.07115888095,3284847.00643738 -41.0243406175869,3284847.39802386 -40.8227366781211,3284848.60136371 -40.148994642077,3284849.08857944 -39.7106187074096,3284850.01601476</coordinates></LinearRing></outerBoundaryIs></Polygon>"
321,High,OSBS_033,"<Polygon><outerBoundaryIs><LinearRing><coordinates>-35.3479353440925,3284851.2385237 -35.0666207377217,3284850.57880833 -35.0820869422168,3284848.77134312 -35.0394192150561,3284848.16844551 -35.3741811033105,3284848.17131002 -36.8581040791469,3284848.0196808 -37.5276278662495,3284848.02540994 -37.9575673283543,3284848.08386465 -37.9022452177014,3284848.95980219 -37.8961522915051,3284849.67183394 -37.6467256061733,3284850.87476461 -35.3479353440925,3284851.2385237</coordinates></LinearRing></outerBoundaryIs></Polygon>"
191,Medium,OSBS_033,"<Polygon><outerBoundaryIs><LinearRing><coordinates>-33.0721097397618,3284848.91847129 -31.0171213960275,3284848.73656058 -31.1179228312103,3284848.13489058 -31.0827533330303,3284846.65564623 -31.3270241896389,3284846.05520382 -32.0012346569565,3284845.5132159 -32.2028376837261,3284844.30987592 -32.6815377733437,3284844.25919628 -33.399353587185,3284844.21056269 -34.0679402627284,3284844.32583496 -35.1209867555881,3284844.22529429 -35.4182364345761,3284843.02277279 -36.5186375367339,3284842.97741314 -36.8032330311253,3284843.25372683 -36.9856206789846,3284844.2960255 -37.835657495365,3284845.56314001 -38.1183781413711,3284846.05854043 -38.0635247007594,3284846.8797063 -37.2903869611328,3284847.80427712 -35.5659422847093,3284848.11817521 -33.0721097397618,3284848.91847129</coordinates></LinearRing></outerBoundaryIs></Polygon>"
521,High,OSBS_033,"<Polygon><outerBoundaryIs><LinearRing><coordinates>-16.9523541028029,3284832.40262337 -16.0469934909488,3284832.01144814 -16.0015131793916,3284831.73718066 -15.9579071686603,3284831.2438265 -16.1069996824954,3284830.58779385 -15.823340510542,3284830.20193738 -15.2513363828184,3284829.97794114 -15.0140946572646,3284829.75680883 -14.8771850344492,3284828.98877807 -14.8818707385799,3284828.44106137 -14.8898364340421,3284827.50994299 -15.0923749922076,3284826.19705943 -15.0928435632959,3284826.14228776 -15.4787093234481,3284825.7621591 -15.9606901266379,3284825.32807704 -16.297326990054,3284825.11185429 -16.8726114072488,3284824.95244888 -17.4957190677524,3284824.79345264 -17.8783048649784,3284824.79672574 -18.6444136376958,3284824.69372865 -19.503825916152,3284824.86540825 -20.8414704101742,3284825.04117942 -21.1255981525755,3284825.37226435 -21.8387290558312,3284825.8713467 -22.119576509227,3284826.58583335 -22.0140893682255,3284827.7352201 -21.8603104288923,3284828.93896938 -21.0365380865987,3284830.19176217 -20.8869766771095,3284830.90256642 -19.6820248170407,3284831.98777108 -16.9523541028029,3284832.40262337</coordinates></LinearRing></outerBoundaryIs></Polygon>"
270,High,OSBS_033,"<Polygon><outerBoundaryIs><LinearRing><coordinates>-31.1483044013148,3284887.34468272 -30.7188951144344,3284883.89537218 -31.0758096329519,3284883.89842615 -31.9940895055188,3284883.84788292 -32.9653559143771,3284883.5641907 -34.3885168205597,3284884.10197398 -34.6879475406604,3284884.86374418 -34.4265126251266,3284885.6207151 -32.9348751895013,3284887.1263674 -31.1483044013148,3284887.34468272</coordinates></LinearRing></outerBoundaryIs></Polygon>"
211,High,OSBS_033,"<Polygon><outerBoundaryIs><LinearRing><coordinates>-32.1240471113706,3284880.57856051 -31.5141921693576,3284880.33973973 -31.0578002925031,3284880.0438315 -30.7548714850564,3284879.69083578 -30.4004551807884,3284879.39580013 -29.9995480520884,3284878.57476117 -29.9545562455314,3284877.87356884 -30.164503524662,3284877.17455788 -30.623893566546,3284877.12008805 -31.2352477249224,3284877.18371975 -31.8456025240012,3284877.36414417 -32.3524826321518,3284877.71888506 -32.9123492510989,3284877.8404769 -33.3662427494419,3284878.42836691 -33.3607462148648,3284879.07072664 -33.148800028197,3284880.00332289 -32.1240471113706,3284880.57856051</coordinates></LinearRing></outerBoundaryIs></Polygon>"
377,High,OSBS_033,"<Polygon><outerBoundaryIs><LinearRing><coordinates>-27.155246119888,3284883.2224734 -27.0632635920774,3284882.0536741 -26.7648315799306,3284881.17511144 -26.6738482871442,3284879.88951948 -26.7813200576347,3284879.24803228 -27.244207564916,3284878.78478794 -27.6571066072211,3284878.20431467 -28.3719353224151,3284878.09362974 -28.8793151601567,3284878.38997413 -29.7416109944461,3284878.92295783 -30.246492415492,3284879.51128398 -30.2904848555336,3284880.329269 -30.386464428273,3284881.03089762 -30.374972019752,3284882.37401341 -30.2684994022129,3284882.8987079 -29.3977096028393,3284883.35846192 -27.155246119888,3284883.2224734</coordinates></LinearRing></outerBoundaryIs></Polygon>"
615,High,OSBS_033,"<Polygon><outerBoundaryIs><LinearRing><coordinates>-30.6388836739352,3284875.36819789 -29.2122238359298,3284875.2391895 -29.1642339825048,3284874.8883752 -28.9157904277672,3284874.12704144 -28.9742731770966,3284873.25153264 -29.0287586439517,3284872.84319455 -29.1362306001829,3284872.20170737 -29.5466316520469,3284871.91321586 -31.3292074650526,3284872.16207093 -31.8880750216777,3284872.4004554 -32.0895279992255,3284872.69418223 -32.1840085125878,3284873.57099988 -32.1280239006737,3284874.15452698 -31.865589588997,3284875.02829063 -30.6388836739352,3284875.36819789</coordinates></LinearRing></outerBoundaryIs></Polygon>"
363,High,OSBS_033,"<Polygon><outerBoundaryIs><LinearRing><coordinates>-26.9602653519833,3284876.21273148 -26.8652848143247,3284875.39431022 -26.5608567999443,3284875.21650364 -26.1049642307917,3284874.86219928 -25.9145033341483,3284873.28375313 -25.8710101694451,3284872.40737181 -26.2299236377003,3284872.17684026 -27.4571294003399,3284871.77853617 -28.9337782150833,3284872.02477328 -28.9322792332387,3284872.19996229 -29.1657329694717,3284874.71318618 -28.9502894373145,3284876.05455687 -26.9602653519833,3284876.21273148</coordinates></LinearRing></outerBoundaryIs></Polygon>"
49,High,OSBS_033,"<Polygon><outerBoundaryIs><LinearRing><coordinates>-23.4071564042824,3284886.22723634 -21.8295330761466,3284885.86333475 -21.8885148761328,3284884.92942958 -21.9439992954722,3284884.40429878 -22.2019359878614,3284884.05610195 -22.6623249587137,3284883.88483912 -22.7747927742312,3284882.6593885 -22.8882598700584,3284881.31714522 -23.2986604289617,3284881.02865349 -23.8590266002575,3284881.09184855 -24.4673827321967,3284881.50585792 -25.2781910773483,3284882.09680136 -25.6236138070235,3284883.44297093 -26.0700127183227,3284884.90680572 -25.5536394950468,3284885.66159554 -24.3244367513107,3284886.29348517 -23.4071564042824,3284886.22723634</coordinates></LinearRing></outerBoundaryIs></Polygon>"
41,High,OSBS_033,"<Polygon><outerBoundaryIs><LinearRing><coordinates>-19.6930425335304,3284885.26104949 -18.9802128250594,3284885.13814961 -18.8337444129866,3284884.37768854 -18.8467342747026,3284882.85938376 -18.9097127094283,3284881.45830788 -19.1216576781007,3284880.52571138 -19.5330573893152,3284880.12042684 -20.251383201452,3284879.60096703 -21.0676877317601,3284879.54955044 -21.7265322286403,3284880.02239222 -22.4348655883223,3284880.67085931 -22.2159255599836,3284882.42100448 -21.995986333699,3284884.28794234 -19.6930425335304,3284885.26104949</coordinates></LinearRing></outerBoundaryIs></Polygon>"
351,High,OSBS_033,"<Polygon><outerBoundaryIs><LinearRing><coordinates>-21.8839922704501,3284879.4981339 -21.4785879272968,3284879.2026623 -21.5310746044852,3284879.02790953 -21.6885346502531,3284878.5036512 -21.9004798973911,3284877.57105476 -22.2658882656833,3284876.5813707 -22.8297520717024,3284876.23579133 -23.4491004307056,3284875.36508121 -23.8654968320043,3284874.37583344 -24.0704474269296,3284874.26078576 -24.4273622495821,3284874.26383951 -24.6818017669721,3284874.3244171 -25.1381940430729,3284874.62032507 -25.6460737691959,3284874.85827297 -25.7445519153262,3284875.26791984 -26.0464817081811,3284875.73770809 -26.0939720086753,3284876.14691872 -26.1874536533142,3284877.14052898 -26.0789826085675,3284877.89880886 -25.9180248263292,3284878.83184149 -25.6081008036854,3284879.29639466 -24.4793740669265,3284880.1043458 -23.4581190685858,3284880.27080983 -22.3388855166268,3284879.96923077 -21.8839922704501,3284879.4981339</coordinates></LinearRing></outerBoundaryIs></Polygon>"
383,High,OSBS_033,"<Polygon><outerBoundaryIs><LinearRing><coordinates>-20.9707083203248,3284878.96471459 -19.4585604578024,3284876.90775582 -18.2343531966326,3284876.95568275 -17.8379415286472,3284875.60907722 -18.0483876838116,3284874.85166972 -18.6222435806412,3284873.3381634 -19.3400701592909,3284872.87709987 -20.4618025794625,3284872.88669692 -21.7869867300033,3284872.95643537 -22.2428795087617,3284873.31073955 -23.3616141047096,3284873.67071493 -23.3006336375838,3284874.83820543 -22.9342258664547,3284875.94468213 -22.1614144937485,3284876.8724799 -21.7440190800698,3284877.9785204 -20.9707083203248,3284878.96471459</coordinates></LinearRing></outerBoundaryIs></Polygon>"
79,High,OSBS_033,"<Polygon><outerBoundaryIs><LinearRing><coordinates>-14.2808439809596,3284886.09075545 -13.8819342904026,3284885.03613174 -13.2190931338118,3284885.03046111 -13.0191386487568,3284884.56154561 -13.1770978057175,3284883.97889083 -13.1855906744022,3284882.9861531 -13.0416197343729,3284881.93371043 -13.0486138464767,3284881.11616171 -14.017382028338,3284881.12444954 -14.8856733805151,3284880.95667603 -15.5990029882523,3284881.0211793 -16.0019094368909,3284881.60863237 -16.0394081629929,3284883.1857697 -15.9789280635305,3284884.2948639 -15.5640314811026,3284885.10892293 -14.2808439809596,3284886.09075545</coordinates></LinearRing></outerBoundaryIs></Polygon>"
1,High,OSBS_033,"<Polygon><outerBoundaryIs><LinearRing><coordinates>-10.198324917641,3284886.4646341 -9.70643143035704,3284884.3580041 -9.40150385012385,3284884.23859432 -8.99759804538917,3284883.76793417 -8.85312717023771,3284882.7738879 -9.06906774372328,3284881.37412054 -9.3774923295714,3284881.08475595 -10.0413328399882,3284880.97363367 -10.3472596363281,3284880.97625079 -11.3670156233129,3284880.98497458 -12.2283128873096,3284881.63474958 -12.7351933856262,3284881.98948957 -13.0371235185303,3284882.45927746 -13.030628983397,3284883.21842985 -12.925156350655,3284883.62633181 -12.8671744574094,3284884.44344433 -12.7062178533524,3284885.37647714 -11.7289572949521,3284886.36092714 -10.198324917641,3284886.4646341</coordinates></LinearRing></outerBoundaryIs></Polygon>"
427,High,OSBS_033,"<Polygon><outerBoundaryIs><LinearRing><coordinates>-7.01460320636397,3284889.06542611 -7.13306387327611,3284887.13921933 -7.38900183001533,3284887.02460753 -8.00734928855672,3284886.27068926 -8.92912570794579,3284885.81136979 -9.43800435640151,3284885.93252428 -9.74243232753361,3284886.1103304 -9.84041137015447,3284886.57837347 -9.7854270892567,3284887.04510798 -9.01361668220488,3284887.85611395 -8.95863243984058,3284888.32284847 -8.74868667637929,3284889.02185979 -8.08534621016588,3284889.0745858 -7.01460320636397,3284889.06542611</coordinates></LinearRing></outerBoundaryIs></Polygon>"
274,High,OSBS_033,"<Polygon><outerBoundaryIs><LinearRing><coordinates>-2.1282699717558,3284888.03081685 -1.9987842393457,3284885.28488059 -2.25322360958671,3284885.34545767 -2.76459997222992,3284885.17463018 -3.94381282024551,3284884.42550939 -4.05627857823856,3284883.20005864 -4.46517995465547,3284883.08675525 -5.3829601573525,3284883.09460618 -5.78986338642426,3284883.21488818 -6.29624446015805,3284883.62802421 -6.64816350274486,3284884.21504077 -6.64566576993093,3284884.50702245 -6.84512097126571,3284885.03433417 -6.93960330821574,3284885.91115156 -6.72965763352113,3284886.61016292 -6.26427358877845,3284887.36538977 -5.80038823373616,3284887.94542762 -4.88110981398495,3284888.11276566 -3.24850224104011,3284888.21560123 -2.1282699717558,3284888.03081685</coordinates></LinearRing></outerBoundaryIs></Polygon>"
11,High,OSBS_033,"<Polygon><outerBoundaryIs><LinearRing><coordinates>-1.15097368002171,3284883.0584053 0.01974741416052,3284882.81478867 0.01974741416052,3284882.81478867 0.069736181292683,3284882.69755985 0.115728863456752,3284882.11316035 0.113730820070487,3284881.87957501 0.106737669149879,3284881.06202631 0.100743541086558,3284880.36127028 -0.208180337853264,3284880.0135091 -0.565094955614768,3284880.01656209 -1.12546126637608,3284880.07975601 -1.43238711776212,3284879.96558021 -1.94626131583937,3284879.502771 -2.30767165822908,3284878.98025702 -2.66458630957641,3284878.98331008 -3.01850380213,3284879.33674117 -3.06749349995516,3284879.57076267 -3.21696022042306,3284879.98084548 -3.36842504300876,3284880.15734295 -3.92629367747577,3284880.51251869 -4.07675941789057,3284880.80580885 -4.12175282201497,3284881.50700105 -3.91480444691842,3284881.85563443 -3.35194059170317,3284882.08442205 -3.04301666654646,3284882.43218314 -2.57963081484195,3284882.95382479 -2.22271629032912,3284882.95077173 -1.81431445444468,3284883.00567887 -1.15097368002171,3284883.0584053</coordinates></LinearRing></outerBoundaryIs></Polygon>"
74,High,OSBS_033,"<Polygon><outerBoundaryIs><LinearRing><coordinates>-9.79238859168254,3284880.2706967 -8.67565250099869,3284879.67713733 -8.62816158810165,3284879.26792679 -8.02080388070317,3284878.73712563 -7.77135989861563,3284878.09258505 -7.93031796166906,3284877.39313754 -8.08478006446967,3284877.21925706 -8.3412178081926,3284877.04624894 -8.80160683067515,3284876.87498554 -10.3827287494205,3284876.83011088 -11.096058635856,3284876.89461386 -11.5019628979499,3284877.13168873 -12.0068453350104,3284877.72001403 -12.0028487481177,3284878.18718472 -11.9903594108764,3284879.64709315 -11.8333994119894,3284880.11295526 -9.79238859168254,3284880.2706967</coordinates></LinearRing></outerBoundaryIs></Polygon>"
549,High,OSBS_033,"<Polygon><outerBoundaryIs><LinearRing><coordinates>-5.2319600560586,3284876.90284987 -4.83554683544207,3284875.55624484 -4.95150948897935,3284873.92201976 -4.96549648849759,3284872.28692235 -5.02497643488459,3284871.29462081 -5.53735255351057,3284871.00700076 -6.30217021820135,3284871.01354325 -6.91552298422903,3284870.84358827 -7.63035191473318,3284870.73290201 -8.39516960072797,3284870.73944463 -8.95303856697865,3284871.09462061 -9.25347049656557,3284871.73959739 -9.45342538953992,3284872.2085128 -9.85333512426587,3284873.14634365 -10.1027791094384,3284873.79088427 -10.1512691278476,3284874.08330214 -10.0403013401665,3284875.13356382 -9.67789139138767,3284875.77287023 -8.75561457430013,3284876.29058599 -6.81208284682361,3284876.97476738 -5.2319600560586,3284876.90284987</coordinates></LinearRing></outerBoundaryIs></Polygon>"
352,High,OSBS_033,"<Polygon><outerBoundaryIs><LinearRing><coordinates>-11.1190387746319,3284874.20838238 -10.8241022538859,3284872.92104584 -10.4191969499225,3284872.56717832 -9.91281550360145,3284872.15404212 -9.76684583164752,3284871.33518486 -9.87481625040527,3284870.63530119 -10.1337519793306,3284870.17031143 -10.5941413099645,3284869.99904809 -11.3599581872695,3284869.88879825 -12.2777394874138,3284869.89664972 -12.7871184131363,3284869.95940801 -12.9865736182546,3284870.48671983 -13.1315439126338,3284871.4223698 -13.1785351290018,3284871.88997669 -13.1175557243405,3284873.05746723 -13.0610725315055,3284873.69939073 -12.4962097682874,3284874.16176325 -11.1190387746319,3284874.20838238</coordinates></LinearRing></outerBoundaryIs></Polygon>"
303,High,OSBS_033,"<Polygon><outerBoundaryIs><LinearRing><coordinates>8.9924302129657,3284880.99399171 9.55528551182942,3284879.08199566 11.0017828081618,3284878.90378202 11.0280525152921,3284877.74266399 10.8428081008606,3284877.24672262 10.2625780211529,3284877.12730382 9.75438913935795,3284876.9658084 9.17061318526976,3284876.4318152 8.62480800959747,3284876.10479966 7.71844215167221,3284875.94670996 7.3575269196881,3284876.07417834 6.09627394756535,3284876.74833373 5.48268267291132,3284876.96088433 4.90848072036169,3284877.54624237 4.95035222254228,3284878.20925187 5.13736988796154,3284878.91248036 5.94471599924145,3284880.19084969 6.24174561165273,3284881.05897915 7.11049482953968,3284881.05154855 8.9924302129657,3284880.99399171</coordinates></LinearRing></outerBoundaryIs></Polygon>"
276,High,OSBS_033,"<Polygon><outerBoundaryIs><LinearRing><coordinates>5.62038230738835,3284876.13049699 6.73400696594035,3284875.12592043 7.4579650303931,3284875.1197283 7.81817111448618,3284874.90934503 7.95799848728348,3284874.3277024 8.16915792482905,3284873.62106822 6.64210850850213,3284872.8463802 6.24322230141843,3284872.766871 6.31136298831552,3284872.26876245 5.62112046778202,3284871.98444293 5.18958229536656,3284872.31981783 4.47094306902727,3284872.94787177 4.03975957119837,3284873.32470415 4.04330560355447,3284873.7392786 4.04472401662497,3284873.90510838 4.52061583660543,3284874.52294504 4.85242519329768,3284875.22493507 5.62038230738835,3284876.13049699</coordinates></LinearRing></outerBoundaryIs></Polygon>"
514,High,OSBS_033,"<Polygon><outerBoundaryIs><LinearRing><coordinates>6.66341350006405,3284871.10485793 7.8572355605429,3284871.01172606 8.50383384764427,3284870.425749 8.97086094133556,3284870.00714975 9.00457676977385,3284869.71663804 9.00067634211155,3284869.26060615 8.81472254288383,3284868.68174994 8.92118880711496,3284868.43207647 8.98791130946483,3284867.76813817 8.98472005216172,3284867.39502117 8.90275041863788,3284866.27628939 8.96911835443461,3284865.57089364 8.96557251515333,3284865.1563192 8.99077835609205,3284863.87082885 8.33992461522575,3284863.95931654 7.79731011553667,3284864.00541802 7.07476969441632,3284864.17743988 7.03857175633311,3284864.17774949 6.86041879508412,3284864.51095707 6.5002123847371,3284864.72134036 5.99379586038413,3284864.76713232 5.38091311510652,3284865.0625978 4.84184466593433,3284865.52327387 4.5543887927779,3284865.77449544 4.15940293850144,3284866.15101819 4.05400056060171,3284866.52506404 3.84035900351591,3284866.94149618 3.84603265410988,3284867.60481529 3.84745106688933,3284867.77064506 3.8233096562326,3284869.18050778 3.9347402487183,3284869.51123849 4.11963048373582,3284869.9657223 4.700924809149,3284870.20951313 4.95998383674305,3284870.87066495 5.25169476383599,3284871.11693271 6.66341350006405,3284871.10485793</coordinates></LinearRing></outerBoundaryIs></Polygon>"
534,High,OSBS_033,"<Polygon><outerBoundaryIs><LinearRing><coordinates>-31.596714461979,3284832.92586764 -30.2457430498907,3284832.61424723 -29.1593140162295,3284832.00482954 -28.2509579560719,3284830.99685436 -27.9962563667214,3284830.14450246 -28.3960651355446,3284829.34776082 -28.7992968931794,3284828.15096725 -28.852800382243,3284827.00119149 -29.2025287306169,3284826.95417369 -30.118586753495,3284827.06203206 -31.3860846289899,3284826.9228468 -32.2974359383807,3284827.58077678 -33.0795110155595,3284828.03756005 -33.6355712677469,3284829.39259224 -33.5790720690857,3284830.89241346 -32.9575271767098,3284832.08733886 -31.596714461979,3284832.92586764</coordinates></LinearRing></outerBoundaryIs></Polygon>"
46,High,OSBS_033,"<Polygon><outerBoundaryIs><LinearRing><coordinates>-29.1661399247241,3284826.10368971 -29.0077486160444,3284824.20194862 -29.0137387514114,3284823.50185771 -29.4096969943494,3284823.15517455 -29.9349315085565,3284823.00963814 -30.5025449960958,3284823.01449483 -31.1562000047415,3284823.17011822 -31.588974852697,3284823.62391262 -31.798302254756,3284824.67591697 -31.4421556535526,3284825.47303209 -30.8689799100393,3284826.11825976 -29.1661399247241,3284826.10368971</coordinates></LinearRing></outerBoundaryIs></Polygon>"
335,High,OSBS_033,"<Polygon><outerBoundaryIs><LinearRing><coordinates>-35.4351151065202,3284818.10569541 -34.7827435235959,3284817.8000523 -34.1766018383205,3284817.19474387 -33.2712401479366,3284815.83672287 -33.1851985909161,3284815.68595618 -33.0593453806941,3284815.08475746 -33.2832209143089,3284814.43654106 -33.5053849309916,3284813.98835064 -33.9916640798911,3284813.29236939 -34.2116887043812,3284813.09421144 -34.7360679751146,3284813.04868823 -34.9543810499599,3284813.05055628 -35.696645509277,3284813.05690765 -36.4808609895408,3284813.26365866 -37.3960642853053,3284813.47153059 -37.8742135124048,3284813.72567287 -38.2149562853156,3284814.7287917 -38.2093935001758,3284815.37887611 -38.1961283930577,3284816.92907741 -36.9645896545844,3284817.96875242 -35.4351151065202,3284818.10569541</coordinates></LinearRing></outerBoundaryIs></Polygon>"
207,High,OSBS_033,"<Polygon><outerBoundaryIs><LinearRing><coordinates>-42.5915433027549,3284833.97014311 -41.8565549571067,3284833.11368083 -41.2919374296325,3284832.75877809 -41.0770481115323,3284832.35685795 -40.8660100667039,3284831.50487937 -40.652404468623,3284830.95293976 -40.6536882284563,3284830.80292028 -40.5744936044211,3284829.85204961 -40.6665258238208,3284829.30272544 -40.7992251611431,3284829.10382036 -41.2799411688466,3284829.05792385 -41.5860069654882,3284829.0105328 -42.2854636779521,3284828.91649802 -43.1587147600367,3284828.92397083 -43.8996943770908,3284829.08034226 -43.9403613900067,3284829.43076137 -44.0610786052421,3284830.63203819 -44.1432684736792,3284831.23286342 -43.9493612201186,3284833.48166111 -42.5915433027549,3284833.97014311</coordinates></LinearRing></outerBoundaryIs></Polygon>"
292,High,OSBS_033,"<Polygon><outerBoundaryIs><LinearRing><coordinates>-43.8196307707112,3284823.12844848 -39.8925663647824,3284822.7947822 -39.7196277119219,3284822.59326171 -39.3322273716331,3284821.93981464 -39.0732472658856,3284821.58752742 -39.1746935172123,3284819.93806038 -38.9187087302562,3284819.23572771 -38.9225599232595,3284818.78566927 -39.0582547226222,3284818.23671872 -39.236328395782,3284817.83816127 -39.6327150751604,3284817.44147196 -40.2516939414782,3284816.54658588 -40.3843934150063,3284816.3476808 -40.6082693558419,3284815.69946453 -40.9181867800071,3284815.20201502 -41.7071091684629,3284814.85869497 -42.0136032788432,3284814.76129744 -42.4082784622442,3284814.5646342 -43.2395797701902,3284814.37170738 -44.1569225309067,3284814.32954739 -45.074693240691,3284814.23738099 -45.5108914182056,3284814.29112397 -45.9903242610162,3284814.39524712 -46.5121358768665,3284814.64976343 -46.7261694819899,3284815.15169664 -47.0253885482089,3284815.90440965 -47.0664834759082,3284816.20482227 -47.14439385687,3284817.30571245 -47.1379746539169,3284818.05580986 -47.1319833965972,3284818.75590078 -46.9894410576089,3284820.10495516 -46.9419269522768,3284820.55463996 -46.3212359705358,3284821.64955166 -45.3983305746806,3284822.34179588 -43.8196307707112,3284823.12844848</coordinates></LinearRing></outerBoundaryIs></Polygon>"
471,High,OSBS_033,"<Polygon><outerBoundaryIs><LinearRing><coordinates>-45.9591094333446,3284828.24779338 -41.0278080364806,3284827.90553266 -40.9879967669258,3284827.45510058 -40.9888526087161,3284827.35508759 -40.9567439066013,3284826.00453861 -40.959311429644,3284825.70449964 -41.2285614948487,3284824.85663105 -42.1078038464766,3284824.16401285 -43.1582731701201,3284823.87294125 -44.1693593198434,3284823.08143115 -45.0443226132775,3284822.88887812 -46.8802906182245,3284822.65453907 -46.9654760404956,3284822.90531885 -47.171378439758,3284824.35737548 -47.2441533341771,3284826.05834362 -46.7908377528074,3284828.00486035 -45.9591094333446,3284828.24779338</coordinates></LinearRing></outerBoundaryIs></Polygon>"
519,High,OSBS_033,"<Polygon><outerBoundaryIs><LinearRing><coordinates>4.59627925406676,3284849.17409202 4.99497333006002,3284848.6706643 4.95810285751941,3284848.28635076 4.68485036096536,3284847.75020749 4.1452534965938,3284847.4855826 3.93916271574562,3284846.9488649 3.36730076366803,3284846.83836758 2.39345506951213,3284846.84669731 2.12612385483226,3284847.0028355 1.89730807993328,3284847.7355876 2.07738436030922,3284849.15717428 4.59627925406676,3284849.17409202</coordinates></LinearRing></outerBoundaryIs></Polygon>"
